[{"Name":"WIDSITH starting area","Description":"WIDSITH starting area","ImageName":"areatest3","MoveMessage":"","Id":3570},{"Name":"The Desk","Description":"","ImageName":"areadesk","MoveMessage":"","Id":5226},{"Name":"Parlay's Suites","Description":"","ImageName":"areaparlay","MoveMessage":"","Id":5228},{"Name":"Limbo","Description":"Limbo area","ImageName":"arches","MoveMessage":"You have moved to a new area: Limbo","Id":5533},{"Name":"The Marvel Ouse","Description":"","ImageName":"areamarvelouse","MoveMessage":"","Id":5703},{"Name":"The Hillside","ImageName":"areahillside","Id":5704},{"Name":"The Potting Shed","ImageName":"areadesk","Id":5807},{"Name":"The Other Hill","Description":"The other hillside, for the other game. ","ImageName":"areahillside","Id":101265},{"Name":"The Endgame","Description":"This is the endgame area.","ImageName":"areaendgame","Id":101309},{"Name":"The Endgame - Conversation","Description":"This is the area where the conversation with the Eremite happens. ","ImageName":"areaendgame","Id":101437}]